ID,surfAaverage,slopeaverage
1,15.01382063,29.79281181
3,19.2084942,41.84789745
4,21.22623625,43.28494692
7,17.06109328,38.93239844
15,21.28033011,44.59650589
20,20.21769417,44.08648408
21,22.10405041,48.23216156
23,18.98956036,42.83859153
24,20.32957922,46.37958793
